[
  {
    "rule": { "id": "900100", "level": 10, "description": "Zero Trust policy violation: Guest VLAN attempted RDP to Corporate server" },
    "agent": { "id": "000", "name": "wazuh-manager" },
    "srcip": "10.40.10.25",
    "dstip": "10.20.10.10",
    "location": "pf: /var/log/pfsense-firewall.log",
    "timestamp": "2025-11-30T21:14:56Z"
  },
  {
    "rule": { "id": "900110", "level": 8, "description": "Zero Trust: Access to known malicious domain blocked by proxy" },
    "agent": { "id": "001", "name": "corp-proxy" },
    "srcip": "10.20.10.16",
    "dstip": "198.51.100.5",
    "location": "proxy: /var/log/squid/access.log",
    "timestamp": "2025-11-30T09:18:12Z"
  }
]

